{
"tests": [
   {
       "name": "Test 1",
       "setup": "",
       "run": "grep 'TEST 01-accept-ping/01 PASSED' out.log",
       "input": "",
       "output": "",
       "comparison": "included",
       "timeout": 10,
       "points": 3
   },
   {
       "name": "Test 2",
       "setup": "",
       "run": "grep 'TEST 01-accept-ping/02 PASSED' out.log",
       "input": "",
       "output": "",
       "comparison": "included",
       "timeout": 10,
       "points": 3
   },
   {
       "name": "Test 3",
       "setup": "",
       "run": "grep 'TEST 01-accept-ping/03 PASSED' out.log",
       "input": "",
       "output": "",
       "comparison": "included",
       "timeout": 10,
       "points": 3
   },
   {
       "name": "Test 4",
       "setup": "",
       "run": "grep 'TEST 02-pending-accept/01 PASSED' out.log",
       "input": "",
       "output": "",
       "comparison": "included",
       "timeout": 10,
       "points": 9
   },
   {
       "name": "Test 5",
       "setup": "",
       "run": "grep 'TEST 03-many-pending-accept/01 PASSED' out.log",
       "input": "",
       "output": "",
       "comparison": "included",
       "timeout": 10,
       "points": 3
   },
   {
       "name": "Test 6",
       "setup": "",
       "run": "grep 'TEST 03-many-pending-accept/02 PASSED' out.log",
       "input": "",
       "output": "",
       "comparison": "included",
       "timeout": 10,
       "points": 3
   },
   {
       "name": "Test 7",
       "setup": "",
       "run": "grep 'TEST 03-many-pending-accept/03 PASSED' out.log",
       "input": "",
       "output": "",
       "comparison": "included",
       "timeout": 10,
       "points": 3
   },
   {
       "name": "Test 8",
       "setup": "",
       "run": "grep 'TEST 03-many-pending-accept/04 PASSED' out.log",
       "input": "",
       "output": "",
       "comparison": "included",
       "timeout": 10,
       "points": 3
   },
   {
       "name": "Test 9",
       "setup": "",
       "run": "grep 'TEST 04-ping-echo/01 PASSED' out.log",
       "input": "",
       "output": "",
       "comparison": "included",
       "timeout": 10,
       "points": 3
   },
   {
       "name": "Test 10",
       "setup": "",
       "run": "grep 'TEST 04-ping-echo/02 PASSED' out.log",
       "input": "",
       "output": "",
       "comparison": "included",
       "timeout": 10,
       "points": 3
   },
   {
       "name": "Test 11",
       "setup": "",
       "run": "grep 'TEST 04-ping-echo/03 PASSED' out.log",
       "input": "",
       "output": "",
       "comparison": "included",
       "timeout": 10,
       "points": 3
   },
   {
       "name": "Test 12",
       "setup": "",
       "run": "grep 'TEST 04-ping-echo/04 PASSED' out.log",
       "input": "",
       "output": "",
       "comparison": "included",
       "timeout": 10,
       "points": 3
   },
   {
       "name": "Test 13",
       "setup": "",
       "run": "grep 'TEST 05-file/01 PASSED' out.log",
       "input": "",
       "output": "",
       "comparison": "included",
       "timeout": 10,
       "points": 3
   },
   {
       "name": "Test 14",
       "setup": "",
       "run": "grep 'TEST 05-file/02 PASSED' out.log",
       "input": "",
       "output": "",
       "comparison": "included",
       "timeout": 10,
       "points": 3
   },
   {
       "name": "Test 15",
       "setup": "",
       "run": "grep 'TEST 05-file/03 PASSED' out.log",
       "input": "",
       "output": "",
       "comparison": "included",
       "timeout": 10,
       "points": 3
   },
   {
       "name": "Test 16",
       "setup": "",
       "run": "grep 'TEST 06-ping-echo-write-read-file/01 PASSED' out.log",
       "input": "",
       "output": "",
       "comparison": "included",
       "timeout": 10,
       "points": 3
   },
   {
       "name": "Test 17",
       "setup": "",
       "run": "grep 'TEST 06-ping-echo-write-read-file/02 PASSED' out.log",
       "input": "",
       "output": "",
       "comparison": "included",
       "timeout": 10,
       "points": 3
   },
   {
       "name": "Test 18",
       "setup": "",
       "run": "grep 'TEST 06-ping-echo-write-read-file/03 PASSED' out.log",
       "input": "",
       "output": "",
       "comparison": "included",
       "timeout": 10,
       "points": 3
   },
   {
       "name": "Test 19",
       "setup": "",
       "run": "grep 'TEST 09-pool/02 PASSED' out.log",
       "input": "",
       "output": "",
       "comparison": "included",
       "timeout": 10,
       "points": 10
   },
   {
       "name": "Test 20",
       "setup": "",
       "run": "grep 'TEST 10-pool/02 PASSED' out.log",
       "input": "",
       "output": "",
       "comparison": "included",
       "timeout": 10,
       "points": 10
   }
]
}
